fpr,tpr,threshold
0.0,0.0,inf
0.0,0.0010030090270812437,0.9999999679167809
0.0,0.006018054162487462,0.9999996919834916
0.0,0.00802407221664995,0.9999996604639956
0.0,0.010030090270812437,0.9999992783954799
0.0,0.014042126379137413,0.9999990766221218
0.0,0.015045135406218655,0.9999990117902942
0.0,0.017051153460381142,0.9999987224143532
0.0,0.024072216649949848,0.9999981824551015
0.0,0.026078234704112337,0.9999980545354438
0.0,0.04012036108324975,0.9999940185527673
0.0,0.044132397191574725,0.999993612099149
0.0,0.0641925777331996,0.9999898393946727
0.0,0.06619859578736209,0.999989533413423
0.0,0.06920762286860582,0.9999889249043886
0.0,0.0712136409227683,0.9999886764949955
0.0,0.09327983951855567,0.9999820055125572
0.0,0.09528585757271815,0.9999818015383658
0.0,0.09929789368104312,0.9999810879970991
0.0,0.10130391173520562,0.9999789982675495
0.0,0.10230692076228685,0.9999788885125127
0.0,0.10431293881644935,0.999978498996402
0.0,0.10531594784353059,0.9999782586171816
0.0,0.10932798395185557,0.999977404173767
0.0,0.11133400200601805,0.9999765353986867
0.0,0.11534603811434303,0.9999744781316026
0.0,0.11634904714142427,0.9999733207206739
0.0,0.12036108324974924,0.99997272109716
0.0,0.12337011033099297,0.9999714664730228
0.0,0.12537612838515547,0.9999704622069643
0.0,0.1283851554663992,0.9999681996530879
0.0,0.13039117352056168,0.9999668067845467
0.0,0.13239719157472418,0.999965298751638
0.0,0.13440320962888666,0.9999647467482442
0.0,0.14944834503510532,0.9999600785296564
0.0,0.1514543630892678,0.9999577804074398
0.0,0.16449348044132397,0.9999449906644811
0.0,0.16649949849548645,0.9999449269445503
0.0,0.17251755265797392,0.999939208658738
0.0,0.17452357071213642,0.9999381081678936
0.0,0.1765295887662989,0.9999357182933403
0.0,0.17853560682046138,0.9999341143858577
0.0,0.18856569709127383,0.9999186724037168
0.0,0.1905717151454363,0.9999180669708455
0.0,0.19257773319959878,0.9999140443069037
0.0,0.19558676028084251,0.9999130335429267
0.0,0.19759277833500502,0.9999100668609887
0.0,0.1995987963891675,0.9999094048199677
0.0,0.20060180541624875,0.9999076979370527
0.0,0.20260782347041123,0.999907362059492
0.0,0.20661985957873621,0.9998961816948353
0.0,0.2086258776328987,0.9998959499757416
0.0,0.21063189568706117,0.999891188500631
0.0,0.21263791374122368,0.9998880182013284
0.0,0.21464393179538616,0.9998825928564926
0.0,0.22066198595787362,0.9998751814228845
0.0,0.22367101303911735,0.9998728351884271
0.0,0.22668004012036108,0.9998673229993933
0.0,0.24974924774322968,0.9998275188038115
0.0,0.2577733199598796,0.9998227996722352
0.0,0.2657973921765296,0.9998123278555214
0.0,0.2678034102306921,0.9998097266635106
0.0,0.26980942828485455,0.9998081910160203
0.0,0.2728184553660983,0.9998037891234596
0.0,0.2748244734202608,0.9997995175804039
0.0,0.27883650952858574,0.9997976901888168
0.0,0.279839518555667,0.99979699895568
0.0,0.2818455366098295,0.9997894999224584
0.0,0.283851554663992,0.999783751443997
0.0,0.2858575727181545,0.9997822396374366
0.0,0.30090270812437314,0.9997420689436117
0.0,0.3029087261785356,0.9997418624184939
0.0,0.32196589769307926,0.9997060476411065
0.0,0.3239719157472417,0.9997059028012958
0.0,0.3299899699097292,0.9996809578344703
0.0,0.33600802407221664,0.999676583545578
0.0,0.34002006018054165,0.9996013100619637
0.0,0.3420260782347041,0.9995993914369795
0.0,0.35005015045135407,0.9995583900196432
0.0,0.3520561685055166,0.9995574095818476
0.0,0.35707121364092276,0.9995374775111482
0.0,0.35907723169508526,0.9995305374053497
0.0,0.3781344032096289,0.9994074514346653
0.0,0.3801404212637914,0.9993940584217929
0.0,0.3811434302908726,0.9993885780375494
0.0,0.38515546639919757,0.9993745274247724
0.0,0.4012036108324975,0.9992451219795909
0.0,0.40320962888665995,0.9992448325983462
0.0,0.43029087261785354,0.9988071857933782
0.0,0.43229689067201604,0.9987967077937902
0.0,0.4353059177532598,0.9987609708753034
0.0,0.4373119358074223,0.9987432987132749
0.0,0.43931795386158473,0.998647892271332
0.0,0.44232698094282846,0.9986206017184563
0.0,0.44433299899699097,0.9986006567535974
0.0,0.4453360080240722,0.9985666423390038
0.0,0.45035105315947843,0.9985634686989494
0.0,0.4543630892678034,0.9984797428820973
0.0,0.4563691073219659,0.998420437397626
0.0,0.4724172517552658,0.9978375436025316
0.0,0.4744232698094283,0.9978107804949323
0.0,0.4764292878635908,0.997716479748787
0.0,0.47843530591775324,0.9974619321453431
0.0,0.48044132397191575,0.9971465647530215
0.001838235294117647,0.48044132397191575,0.9969632725494183
0.001838235294117647,0.4844533600802407,0.996723547867762
0.001838235294117647,0.4884653961885657,0.996699168277174
0.001838235294117647,0.4954864593781344,0.9959585158105588
0.0027573529411764708,0.4954864593781344,0.9957741116511925
0.0027573529411764708,0.506519558676028,0.9945036225174921
0.0027573529411764708,0.5085255767301906,0.9944951374194411
0.0027573529411764708,0.5115346038114343,0.9944376125385312
0.0027573529411764708,0.5135406218655968,0.994364187237625
0.0027573529411764708,0.5235707121364093,0.9933746804581215
0.0027573529411764708,0.5255767301905717,0.9931796895737344
0.0027573529411764708,0.5356068204613842,0.992105927353325
0.003676470588235294,0.5366098294884654,0.9920706721920248
0.003676470588235294,0.5406218655967904,0.9918382428729979
0.004595588235294118,0.5416248746238717,0.9916257712837335
0.004595588235294118,0.5456369107321966,0.9914214952578392
0.0055147058823529415,0.5456369107321966,0.9912641466342665
0.0055147058823529415,0.5466399197592778,0.9911777159990331
0.0055147058823529415,0.5486459378134403,0.9909395029676344
0.0055147058823529415,0.551654964894684,0.9904941759414688
0.0055147058823529415,0.5576730190571715,0.9900860998486256
0.0055147058823529415,0.5797392176529589,0.9860612918764649
0.006433823529411764,0.5797392176529589,0.9854921683684602
0.006433823529411764,0.5877632898696088,0.9837884707755197
0.006433823529411764,0.5907723169508525,0.9836839117630077
0.006433823529411764,0.5927783350050151,0.9830573783497889
0.006433823529411764,0.5947843530591775,0.9830242733345269
0.006433823529411764,0.59679037111334,0.9825320391793381
0.007352941176470588,0.59679037111334,0.9821429584632613
0.007352941176470588,0.6399197592778335,0.9676969523942968
0.008272058823529412,0.6399197592778335,0.9666490647701068
0.008272058823529412,0.6409227683049148,0.966340883176845
0.008272058823529412,0.6429287863590772,0.9658635111601233
0.008272058823529412,0.645937813440321,0.9653195567187837
0.008272058823529412,0.6479438314944834,0.9652162650516362
0.008272058823529412,0.6569709127382146,0.9619569081304438
0.008272058823529412,0.6589769307923772,0.960617135560979
0.008272058823529412,0.6639919759277834,0.9594426554355048
0.009191176470588236,0.6639919759277834,0.9592003941553447
0.009191176470588236,0.6659979939819458,0.9575647443554184
0.01011029411764706,0.6659979939819458,0.9569720330232038
0.01011029411764706,0.6700100300902708,0.9557710271563429
0.011029411764705883,0.6700100300902708,0.9556100984148362
0.011029411764705883,0.6730190571715146,0.954155606739688
0.011948529411764705,0.6730190571715146,0.9538056286511107
0.011948529411764705,0.675025075225677,0.9514001181164444
0.012867647058823529,0.675025075225677,0.9513105221704856
0.012867647058823529,0.6760280842527583,0.9511338280403357
0.012867647058823529,0.6780341023069207,0.9505105232588107
0.012867647058823529,0.6810431293881645,0.9490432896473863
0.013786764705882353,0.6810431293881645,0.9490132054236919
0.013786764705882353,0.683049147442327,0.9484106164877565
0.013786764705882353,0.6850551654964895,0.9480529145119042
0.013786764705882353,0.6900702106318957,0.9453450987454626
0.013786764705882353,0.6920762286860582,0.9449755443410702
0.013786764705882353,0.7021063189568706,0.9385748157801063
0.014705882352941176,0.7021063189568706,0.9377158354945586
0.014705882352941176,0.7051153460381143,0.9359584867105198
0.015625,0.7051153460381143,0.9358058454656765
0.015625,0.7071213640922769,0.9337516432057741
0.016544117647058824,0.7071213640922769,0.933735890529374
0.016544117647058824,0.7171514543630892,0.9285321794500951
0.016544117647058824,0.7191574724172518,0.9284441319813515
0.016544117647058824,0.7352056168505516,0.9155792840920065
0.016544117647058824,0.7372116349047142,0.9154765268198313
0.016544117647058824,0.7452357071213641,0.9079012953633036
0.017463235294117647,0.7452357071213641,0.9075707744276725
0.017463235294117647,0.7482447342026078,0.9059188016646773
0.01838235294117647,0.7482447342026078,0.9044511649163273
0.01838235294117647,0.7522567703109327,0.9008503832832451
0.019301470588235295,0.7522567703109327,0.9004368077352217
0.019301470588235295,0.7552657973921765,0.8967888699202715
0.02022058823529412,0.7552657973921765,0.8967092604903543
0.02022058823529412,0.7602808425275828,0.8903410574249501
0.02022058823529412,0.7622868605817452,0.8887060236658966
0.021139705882352942,0.7622868605817452,0.8881833239407569
0.021139705882352942,0.7642928786359077,0.884044524279193
0.022058823529411766,0.7642928786359077,0.8803350355915095
0.022058823529411766,0.765295887662989,0.8794470674051444
0.02297794117647059,0.765295887662989,0.8762092342725951
0.02297794117647059,0.7673019057171514,0.8722834467811242
0.02297794117647059,0.7703109327983951,0.8722354023972834
0.02297794117647059,0.7733199598796389,0.8707773689050299
0.02389705882352941,0.7733199598796389,0.8687737295421063
0.02389705882352941,0.7763289869608826,0.8674485229625303
0.024816176470588234,0.7763289869608826,0.8671310113925843
0.024816176470588234,0.7803410230692076,0.8643773775923553
0.024816176470588234,0.7833500501504513,0.8605601048697067
0.02665441176470588,0.7833500501504513,0.8595064801690739
0.02665441176470588,0.7863590772316951,0.8559035792275225
0.027573529411764705,0.7883650952858575,0.8546395756350211
0.027573529411764705,0.7903711133400201,0.852798580694421
0.027573529411764705,0.7933801404212638,0.8520923690108048
0.027573529411764705,0.7963891675025075,0.8448520096308781
0.02849264705882353,0.7963891675025075,0.8440675999196279
0.02849264705882353,0.8004012036108324,0.8425063993797223
0.029411764705882353,0.8004012036108324,0.8417997114340577
0.029411764705882353,0.8014042126379137,0.8407175813228881
0.03125,0.8014042126379137,0.8389724897618588
0.03125,0.802407221664995,0.8378989710588693
0.03308823529411765,0.802407221664995,0.8367428617348072
0.03308823529411765,0.8064192577733199,0.8344647226357649
0.03308823529411765,0.8084252758274825,0.8320774676972906
0.03308823529411765,0.8094282848545636,0.8288857509011488
0.034926470588235295,0.8094282848545636,0.8203226450551544
0.034926470588235295,0.8104312938816449,0.8195829412184835
0.035845588235294115,0.8104312938816449,0.8163297052239106
0.035845588235294115,0.8174523570712137,0.8033888905261826
0.03676470588235294,0.8204613841524574,0.8030969007786629
0.03676470588235294,0.8234704112337011,0.7957191839216912
0.03768382352941176,0.8234704112337011,0.7953634960186879
0.03768382352941176,0.827482447342026,0.7923036789395924
0.03768382352941176,0.8294884653961886,0.7917650722348276
0.03768382352941176,0.835506519558676,0.7753987747695025
0.03952205882352941,0.835506519558676,0.7711742461140463
0.03952205882352941,0.8425275827482447,0.7547868633380266
0.04136029411764706,0.8425275827482447,0.7512537927194596
0.04136029411764706,0.843530591775326,0.7512194467910848
0.042279411764705885,0.843530591775326,0.7482759492088501
0.042279411764705885,0.8445336008024072,0.7471825717830779
0.04411764705882353,0.8445336008024072,0.7429297115563728
0.04411764705882353,0.8455366098294884,0.7301521435305184
0.04503676470588235,0.8455366098294884,0.7245373851493413
0.04503676470588235,0.8485456369107321,0.7193155661805034
0.04503676470588235,0.8505516549648947,0.7159869426940936
0.04503676470588235,0.8535606820461384,0.7146889425720508
0.04595588235294118,0.8545636910732196,0.7145846321229735
0.046875,0.8545636910732196,0.7106651673210828
0.046875,0.8575727181544633,0.7001010068131849
0.050551470588235295,0.8575727181544633,0.684639585833974
0.050551470588235295,0.8615847542627884,0.675523049817069
0.05422794117647059,0.8615847542627884,0.6675867262510016
0.05422794117647059,0.8645937813440321,0.6646254278933251
0.05514705882352941,0.8645937813440321,0.6628439949605104
0.05514705882352941,0.8655967903711134,0.6550002862747024
0.05606617647058824,0.8655967903711134,0.6502600134843198
0.05606617647058824,0.8676028084252758,0.6424990030471965
0.05698529411764706,0.8676028084252758,0.6414405714611119
0.05698529411764706,0.8716148445336008,0.6363561002179171
0.058823529411764705,0.8716148445336008,0.6306910792950541
0.058823529411764705,0.8776328986960883,0.6142496137785526
0.06066176470588235,0.8796389167502507,0.6141892928523515
0.0625,0.8796389167502507,0.6117408434654873
0.06341911764705882,0.8796389167502507,0.6075852033340257
0.06341911764705882,0.8816449348044132,0.5922586024829649
0.06525735294117647,0.8816449348044132,0.5890954477924834
0.06525735294117647,0.8836509528585758,0.5794865815792521
0.0661764705882353,0.8836509528585758,0.5778308365788413
0.06801470588235294,0.8836509528585758,0.575931117545995
0.06985294117647059,0.8836509528585758,0.5724946012730747
0.06985294117647059,0.8866599799398195,0.5562608564090021
0.07077205882352941,0.8866599799398195,0.5553736760470935
0.07077205882352941,0.8886659979939819,0.5552675945631466
0.07261029411764706,0.8886659979939819,0.546029808698917
0.07261029411764706,0.8896690070210632,0.5432313164941734
0.0744485294117647,0.8906720160481444,0.5424950704720232
0.07628676470588236,0.8906720160481444,0.5314344995726584
0.07628676470588236,0.8916750250752257,0.5275457049908282
0.07720588235294118,0.8916750250752257,0.5240657009132641
0.07720588235294118,0.8936810431293881,0.5225876716665827
0.07904411764705882,0.8946840521564694,0.5221044567071024
0.08088235294117647,0.8946840521564694,0.5209710085074893
0.08088235294117647,0.8956870611835507,0.5207407672356885
0.0818014705882353,0.8956870611835507,0.5199875556155517
0.0818014705882353,0.8976930792377131,0.5165151440014671
0.08272058823529412,0.8976930792377131,0.5112649663916043
0.08272058823529412,0.9017051153460381,0.5070095407680927
0.08639705882352941,0.9017051153460381,0.5065963987670153
0.08731617647058823,0.9017051153460381,0.5048295637755233
0.08731617647058823,0.905717151454363,0.4996426692359833
0.0900735294117647,0.905717151454363,0.49350036913333195
0.0900735294117647,0.9077231695085256,0.48558589616365305
0.09099264705882353,0.9077231695085256,0.4799448746571053
0.09283088235294118,0.9077231695085256,0.478937208501929
0.09558823529411764,0.9077231695085256,0.4615582421833712
0.09558823529411764,0.9087261785356068,0.45770954648638396
0.10018382352941177,0.9087261785356068,0.4303633379077998
0.10018382352941177,0.9097291875626881,0.425474340829084
0.10110294117647059,0.9097291875626881,0.42488900791917444
0.10386029411764706,0.9097291875626881,0.4176890629891864
0.10386029411764706,0.9117352056168505,0.41482642669200337
0.10661764705882353,0.9117352056168505,0.39529997807499456
0.10661764705882353,0.9127382146439318,0.39417101605124244
0.10845588235294118,0.9127382146439318,0.3802243730407447
0.11029411764705882,0.9127382146439318,0.3755285758065258
0.11029411764705882,0.9147442326980942,0.36728106606739186
0.11213235294117647,0.9147442326980942,0.36215423412871545
0.11213235294117647,0.9157472417251755,0.35971504710074215
0.11397058823529412,0.9157472417251755,0.35402424674049876
0.11580882352941177,0.9157472417251755,0.3473901226458996
0.1213235294117647,0.9157472417251755,0.3341791241940168
0.12316176470588236,0.9157472417251755,0.3267899007983391
0.12316176470588236,0.9167502507522568,0.3235643719854475
0.12408088235294118,0.9167502507522568,0.3205038884737628
0.12591911764705882,0.9167502507522568,0.3189906483336402
0.12591911764705882,0.917753259779338,0.3165497404833205
0.12775735294117646,0.917753259779338,0.31231399681910244
0.12775735294117646,0.9207622868605817,0.2947705557003529
0.12959558823529413,0.9207622868605817,0.28887067182615317
0.13143382352941177,0.9207622868605817,0.28727637960102176
0.13143382352941177,0.921765295887663,0.28328229506036645
0.1323529411764706,0.921765295887663,0.2827464925856546
0.1323529411764706,0.9227683049147443,0.2770477860173596
0.1332720588235294,0.9227683049147443,0.2767980993523733
0.1332720588235294,0.9237713139418254,0.2755215454413719
0.13511029411764705,0.9237713139418254,0.2717521089438851
0.13694852941176472,0.9237713139418254,0.2685229966747953
0.13786764705882354,0.9237713139418254,0.2668751977203014
0.13786764705882354,0.9247743229689067,0.26564296797376347
0.13970588235294118,0.9247743229689067,0.26258745884863893
0.13970588235294118,0.925777331995988,0.2607986658887308
0.14430147058823528,0.925777331995988,0.25279936394179287
0.14613970588235295,0.925777331995988,0.2521644146808415
0.1479779411764706,0.925777331995988,0.24820385535983958
0.1479779411764706,0.9277833500501504,0.24808305854312476
0.1488970588235294,0.9277833500501504,0.24532480908984725
0.1488970588235294,0.9297893681043129,0.24486881675847755
0.14981617647058823,0.9317953861584755,0.24392190611753184
0.15165441176470587,0.9317953861584755,0.241494595294643
0.15257352941176472,0.9317953861584755,0.24087441082537747
0.15257352941176472,0.9327983951855566,0.23802369200492404
0.15441176470588236,0.9327983951855566,0.23564034813753587
0.15716911764705882,0.9338014042126379,0.2350591338234635
0.15716911764705882,0.9358074222668004,0.23096384179167717
0.16084558823529413,0.9358074222668004,0.23064222665074258
0.16268382352941177,0.9358074222668004,0.23026218662943201
0.16268382352941177,0.9368104312938816,0.229260346410953
0.1636029411764706,0.9368104312938816,0.22157078718399315
0.1636029411764706,0.9378134403209629,0.22156909028587415
0.16636029411764705,0.9378134403209629,0.21446436878643804
0.16911764705882354,0.9378134403209629,0.2142955649163607
0.17095588235294118,0.9378134403209629,0.21227002978223566
0.171875,0.9378134403209629,0.2119815389586532
0.171875,0.9388164493480441,0.21198014772492085
0.17555147058823528,0.9388164493480441,0.20961602734126508
0.17830882352941177,0.9398194583751254,0.20859686106594602
0.1792279411764706,0.9398194583751254,0.2056741938844767
0.1792279411764706,0.9428284854563691,0.2025142925342631
0.1801470588235294,0.9428284854563691,0.2024327054622822
0.1801470588235294,0.9438314944834504,0.19804181419762426
0.18198529411764705,0.9438314944834504,0.19573281764934972
0.18382352941176472,0.9438314944834504,0.19395348859834433
0.18382352941176472,0.9448345035105316,0.19219343706137282
0.1875,0.9448345035105316,0.17780263241772054
0.18933823529411764,0.9448345035105316,0.1771356873691485
0.18933823529411764,0.9458375125376128,0.17655319580776815
0.19025735294117646,0.9458375125376128,0.1759829429638077
0.19025735294117646,0.9468405215646941,0.1737160409132035
0.19301470588235295,0.9468405215646941,0.17057696615488296
0.1957720588235294,0.9468405215646941,0.16988654395848501
0.19761029411764705,0.9468405215646941,0.16902931370964333
0.19761029411764705,0.9488465396188566,0.16698311408944647
0.19852941176470587,0.9488465396188566,0.1666040844381831
0.19852941176470587,0.9498495486459378,0.16454686410596236
0.20036764705882354,0.9498495486459378,0.16436353253521938
0.20036764705882354,0.950852557673019,0.16373984892347831
0.203125,0.950852557673019,0.16334392330114486
0.20772058823529413,0.950852557673019,0.15925395875622494
0.20772058823529413,0.9518555667001003,0.15794248325230825
0.20863970588235295,0.9518555667001003,0.1578839610008011
0.2104779411764706,0.9518555667001003,0.15724687420043224
0.21783088235294118,0.9518555667001003,0.1499454791605775
0.21783088235294118,0.9528585757271816,0.1496721174786543
0.21966911764705882,0.9528585757271816,0.1488093186017309
0.22242647058823528,0.9528585757271816,0.14864611771413727
0.22242647058823528,0.954864593781344,0.1465597475242571
0.22334558823529413,0.954864593781344,0.1454669356137761
0.22334558823529413,0.9558676028084253,0.1438727627876521
0.22518382352941177,0.9558676028084253,0.14264729571282989
0.22518382352941177,0.9568706118355065,0.14222854839543964
0.22794117647058823,0.9568706118355065,0.13870036961456791
0.22886029411764705,0.9578736208625878,0.13768813474006125
0.23161764705882354,0.9578736208625878,0.13327930741221117
0.23253676470588236,0.9598796389167502,0.13246620970965228
0.23621323529411764,0.9598796389167502,0.12158635792502598
0.23621323529411764,0.9608826479438315,0.12127513572175014
0.23805147058823528,0.9608826479438315,0.11893633274947285
0.23805147058823528,0.9618856569709128,0.11850468508151776
0.23988970588235295,0.9618856569709128,0.11737041977036043
0.24080882352941177,0.9618856569709128,0.11640492280649807
0.2417279411764706,0.9628886659979939,0.11020187288537445
0.24448529411764705,0.9628886659979939,0.10549438358971162
0.24448529411764705,0.9648946840521565,0.10267358615414375
0.24908088235294118,0.9648946840521565,0.09736773636597766
0.24908088235294118,0.9658976930792377,0.09668068015973251
0.25275735294117646,0.9658976930792377,0.09532381838985797
0.2545955882352941,0.9658976930792377,0.09480450168057178
0.25919117647058826,0.9658976930792377,0.09253971083475268
0.25919117647058826,0.966900702106319,0.09221419617774995
0.2610294117647059,0.966900702106319,0.08881864079625924
0.2619485294117647,0.9679037111334002,0.08862100156959858
0.2619485294117647,0.9699097291875627,0.08792630109695625
0.26286764705882354,0.9699097291875627,0.08769889788388391
0.26286764705882354,0.970912738214644,0.08731086994006503
0.2711397058823529,0.970912738214644,0.07815915411685856
0.27389705882352944,0.970912738214644,0.07709006827449842
0.27481617647058826,0.970912738214644,0.07693140682875184
0.2766544117647059,0.970912738214644,0.0762395712752149
0.28768382352941174,0.970912738214644,0.06763976051924843
0.28768382352941174,0.9719157472417251,0.06762226311421192
0.2913602941176471,0.9719157472417251,0.06694921191605296
0.2913602941176471,0.9729187562688064,0.06596078042445244
0.29411764705882354,0.9729187562688064,0.06512908511805955
0.29411764705882354,0.9739217652958877,0.06431256079565698
0.29503676470588236,0.9739217652958877,0.0642150183125278
0.29871323529411764,0.9739217652958877,0.06321190674460357
0.3014705882352941,0.9739217652958877,0.06271099934807207
0.3014705882352941,0.9749247743229689,0.06229876154422015
0.30330882352941174,0.9749247743229689,0.061658685555487175
0.30514705882352944,0.9749247743229689,0.061528362560091504
0.31066176470588236,0.9749247743229689,0.059512350455172836
0.3115808823529412,0.9759277833500501,0.05824251659545781
0.31985294117647056,0.9759277833500501,0.053202723676049744
0.31985294117647056,0.9769307923771314,0.053093425223516295
0.32169117647058826,0.9769307923771314,0.05289699503809602
0.32169117647058826,0.9779338014042126,0.05288229366161308
0.3226102941176471,0.9779338014042126,0.05248309595369202
0.3244485294117647,0.9779338014042126,0.05224161281711625
0.32536764705882354,0.9779338014042126,0.05172958585082223
0.32536764705882354,0.9799398194583752,0.05063749648006447
0.328125,0.9799398194583752,0.050249589170250165
0.328125,0.9809428284854563,0.050242326015919436
0.32996323529411764,0.9809428284854563,0.04949345785268264
0.3391544117647059,0.9809428284854563,0.046220959381218625
0.3391544117647059,0.9819458375125376,0.046053724905730425
0.34558823529411764,0.9819458375125376,0.04451847747542441
0.3474264705882353,0.9819458375125376,0.04439259516442313
0.3492647058823529,0.9819458375125376,0.04417566356934872
0.3492647058823529,0.9839518555667001,0.043204040268834995
0.3547794117647059,0.9839518555667001,0.041141793310597106
0.35661764705882354,0.9839518555667001,0.04112718332042828
0.3584558823529412,0.9839518555667001,0.040379332862377854
0.3584558823529412,0.9849548645937813,0.04033941841885178
0.36121323529411764,0.9849548645937813,0.03937966482387703
0.3630514705882353,0.9849548645937813,0.039267691870849525
0.36764705882352944,0.9849548645937813,0.03854087685685437
0.36764705882352944,0.9859578736208626,0.03837706739424764
0.3694852941176471,0.9859578736208626,0.03723163853031143
0.3713235294117647,0.9859578736208626,0.03706170501325269
0.38327205882352944,0.9859578736208626,0.0340462099881578
0.3851102941176471,0.9859578736208626,0.034041903596891056
0.38878676470588236,0.9859578736208626,0.03349266058905772
0.38878676470588236,0.9869608826479438,0.03344897602800998
0.39338235294117646,0.9869608826479438,0.03313133638256967
0.3952205882352941,0.9869608826479438,0.033077412946154044
0.39705882352941174,0.9869608826479438,0.032805416571595046
0.4053308823529412,0.9869608826479438,0.03265558237717543
0.4053308823529412,0.9879638916750251,0.03245279271444951
0.40808823529411764,0.9879638916750251,0.032200562178434415
0.4099264705882353,0.9879638916750251,0.031086975193332728
0.41268382352941174,0.9879638916750251,0.030829078796147123
0.4181985294117647,0.9879638916750251,0.030566589530140752
0.42003676470588236,0.9879638916750251,0.03046929406958277
0.4209558823529412,0.9879638916750251,0.030347686377076927
0.4227941176470588,0.9879638916750251,0.03023343539912176
0.4273897058823529,0.9879638916750251,0.028690123517889198
0.4273897058823529,0.9889669007021064,0.02828473488793913
0.4338235294117647,0.9889669007021064,0.026965481973154553
0.4375,0.9889669007021064,0.02682108698177311
0.43933823529411764,0.9889669007021064,0.02666931200619465
0.4420955882352941,0.9889669007021064,0.0264412384955861
0.47702205882352944,0.9889669007021064,0.021840402870122243
0.4788602941176471,0.9889669007021064,0.021664277563563056
0.484375,0.9889669007021064,0.02065382015349231
0.48621323529411764,0.9889669007021064,0.020364704898480607
0.4963235294117647,0.9889669007021064,0.019353794241735583
0.49816176470588236,0.9889669007021064,0.019158701894315552
0.5018382352941176,0.9889669007021064,0.018563460739386414
0.5055147058823529,0.9889669007021064,0.01837191411582331
0.5110294117647058,0.9889669007021064,0.017862910967045842
0.5128676470588235,0.9889669007021064,0.017844684866110908
0.515625,0.9889669007021064,0.017657804589008633
0.5174632352941176,0.9889669007021064,0.017598863687364366
0.5220588235294118,0.9889669007021064,0.016874979326583047
0.5238970588235294,0.9889669007021064,0.016453119747137968
0.5266544117647058,0.9889669007021064,0.016211927122288788
0.5303308823529411,0.9889669007021064,0.016163057825719057
0.5349264705882353,0.9889669007021064,0.015768003036548368
0.5367647058823529,0.9889669007021064,0.01565272410953932
0.5450367647058824,0.9889669007021064,0.014686213880278088
0.5477941176470589,0.9889669007021064,0.014419732281333126
0.5560661764705882,0.9889669007021064,0.013643537671611675
0.5579044117647058,0.9889669007021064,0.013537651138208295
0.5606617647058824,0.9889669007021064,0.013261996522732206
0.5606617647058824,0.9899699097291875,0.013245335220449659
0.5689338235294118,0.9899699097291875,0.012655333057983028
0.5726102941176471,0.9899699097291875,0.01255641535960632
0.5744485294117647,0.9899699097291875,0.012300857864694936
0.5762867647058824,0.9899699097291875,0.012200636445627832
0.5909926470588235,0.9899699097291875,0.01128261966643218
0.5909926470588235,0.9909729187562688,0.011207195902144243
0.59375,0.9909729187562688,0.011030772775912741
0.5955882352941176,0.9909729187562688,0.010982038752690897
0.5974264705882353,0.9909729187562688,0.010911093284559609
0.5992647058823529,0.9909729187562688,0.010905011448659376
0.6001838235294118,0.9909729187562688,0.010901713252348686
0.6020220588235294,0.9909729187562688,0.010857017923098606
0.6038602941176471,0.9909729187562688,0.010748342168885818
0.6038602941176471,0.9919759277833501,0.010528285650047911
0.6121323529411765,0.9919759277833501,0.009973049582862064
0.6139705882352942,0.9919759277833501,0.009919639766696981
0.6185661764705882,0.9919759277833501,0.00975691198991602
0.6222426470588235,0.9919759277833501,0.009610129164986323
0.625,0.9919759277833501,0.00925866134882255
0.625,0.9929789368104313,0.009078059758386006
0.6259191176470589,0.9929789368104313,0.008996217074420854
0.6295955882352942,0.9929789368104313,0.008965315269395396
0.6314338235294118,0.9929789368104313,0.008891894869887673
0.6332720588235294,0.9929789368104313,0.008814825752441245
0.6387867647058824,0.9929789368104313,0.008620868570620025
0.6387867647058824,0.9939819458375125,0.008594453286213244
0.640625,0.9939819458375125,0.00852478159444328
0.6424632352941176,0.9939819458375125,0.008498272120505912
0.6452205882352942,0.9939819458375125,0.008250127999154856
0.6488970588235294,0.9939819458375125,0.008241251373803249
0.6525735294117647,0.9939819458375125,0.007906800294768309
0.6544117647058824,0.9939819458375125,0.007874191673888057
0.6544117647058824,0.9949849548645938,0.007778518654839261
0.6617647058823529,0.9949849548645938,0.007527192914613253
0.6636029411764706,0.9949849548645938,0.00744769169489494
0.6691176470588235,0.9949849548645938,0.007207585098961039
0.6709558823529411,0.9949849548645938,0.00710961522728664
0.6727941176470589,0.9949849548645938,0.0071009218259633885
0.6746323529411765,0.9949849548645938,0.006984265662241949
0.6810661764705882,0.9949849548645938,0.006716568711553888
0.6847426470588235,0.9949849548645938,0.006613699514702387
0.6884191176470589,0.9949849548645938,0.006446749883349184
0.6884191176470589,0.995987963891675,0.006446743924929371
0.6920955882352942,0.995987963891675,0.0063030826660699915
0.6920955882352942,0.9969909729187563,0.006283941579750618
0.6930147058823529,0.9969909729187563,0.006248965585136789
0.6948529411764706,0.9969909729187563,0.00619261927248789
0.7086397058823529,0.9969909729187563,0.0055561491764303155
0.7123161764705882,0.9969909729187563,0.005350356263496725
0.7270220588235294,0.9969909729187563,0.004563879621464125
0.7288602941176471,0.9969909729187563,0.004517190962856571
0.7334558823529411,0.9969909729187563,0.004385215538737935
0.7352941176470589,0.9969909729187563,0.004344892375887699
0.7426470588235294,0.9969909729187563,0.004074268767594213
0.7444852941176471,0.9969909729187563,0.004046422573895969
0.7647058823529411,0.9969909729187563,0.0032715384890375696
0.7674632352941176,0.9969909729187563,0.003267704642773129
0.7683823529411765,0.9969909729187563,0.0032521834171635837
0.7711397058823529,0.9969909729187563,0.003212008048867901
0.7794117647058824,0.9969909729187563,0.003076039920991904
0.7821691176470589,0.9969909729187563,0.003020890790507617
0.7840073529411765,0.9969909729187563,0.003008394935960742
0.7858455882352942,0.9969909729187563,0.002978341219206284
0.7895220588235294,0.9969909729187563,0.0027972140957404613
0.7913602941176471,0.9969909729187563,0.00279623058607884
0.7950367647058824,0.9969909729187563,0.0026740418152820834
0.7987132352941176,0.9969909729187563,0.002648736810710251
0.8042279411764706,0.9969909729187563,0.0025498660503497886
0.8060661764705882,0.9969909729187563,0.0025492759489353332
0.8253676470588235,0.9969909729187563,0.0021372664688431827
0.8272058823529411,0.9969909729187563,0.002127003542274739
0.8345588235294118,0.9969909729187563,0.0019913469927543854
0.8382352941176471,0.9969909729187563,0.0019397295186706156
0.8511029411764706,0.9969909729187563,0.0015222647670476719
0.8529411764705882,0.9969909729187563,0.0015117583656559864
0.8639705882352942,0.9969909729187563,0.001214861814115911
0.8658088235294118,0.9969909729187563,0.001199811786244912
0.8667279411764706,0.9969909729187563,0.0011968153305783244
0.8667279411764706,0.9979939819458375,0.0011700167825520595
0.8740808823529411,0.9979939819458375,0.0010297468410308851
0.8759191176470589,0.9979939819458375,0.0009433858876147966
0.8795955882352942,0.9979939819458375,0.0009004067440004953
0.8814338235294118,0.9979939819458375,0.0008986326385265251
0.8943014705882353,0.9979939819458375,0.0007186592079387758
0.8961397058823529,0.9979939819458375,0.0007150743520583616
0.9071691176470589,0.9979939819458375,0.0006133116195546842
0.9090073529411765,0.9979939819458375,0.0005696858301744946
0.9090073529411765,0.9989969909729187,0.0005601354545928223
0.9237132352941176,0.9989969909729187,0.0002653059476841152
0.9292279411764706,0.9989969909729187,0.00026135852690748406
0.9329044117647058,0.9989969909729187,0.000220421164502392
0.9375,0.9989969909729187,0.0002146621594323614
0.9595588235294118,0.9989969909729187,6.235176505839883e-05
0.9613970588235294,0.9989969909729187,5.458764055511608e-05
0.9678308823529411,0.9989969909729187,3.9475915955438826e-05
0.9696691176470589,0.9989969909729187,3.918615345857021e-05
0.9705882352941176,0.9989969909729187,3.811548857375115e-05
0.9705882352941176,1.0,3.519849728834814e-05
0.9917279411764706,1.0,3.859553419690053e-06
0.9954044117647058,1.0,2.9837169721947656e-06
1.0,1.0,4.3846153154473543e-07
